QC_Result,Filename,TIC_RSD_TopGroupWindow,TIC_RSD_WindowBest,Summed_TIC,TIC_Time,TIC_RSD_Window
pass,20250916_21MeOHACN_BrainLipidEx_LC-TG_R-3_Op-TGL_Proj-solventmatrix_TG_18-0_Splash.dam,5.38,4.69,393800,5.37,"[5.719379368023301, 5.022571825500312, 9.487262624911438, 10.046367140839115, 12.089537956757882, 12.092797221695086, 11.78336966813303, 11.92407198669204, 11.873851741886758, 10.355746383668302, 11.412142904337102, 9.150594991607647, 9.83228751470219, 9.949795672690616, 9.409849954531733, 10.301020451383987, 9.888035813025953, 8.141726871205703, 7.9484460615968855, 8.429847338298577, 6.76911741699419, 8.980590287017673, 8.796930372544196, 8.189226731550086, 10.800242771849632, 10.654670768066946, 9.29461942210347, 7.11213080231759, 6.9772147201056525, 6.68113137643388, 6.286390886121819, 5.565360201389036, 4.694258568291653, 5.021988994292681, 7.495118384095613, 7.24680335169224, 7.480855261830498, 8.953799495493415, 6.859176173357902, 6.6269127840917585, 8.612392681874484, 7.697876457685639, 9.909833065849636, 9.909833065849636, 9.858254672363927, 9.841992451697159, 9.727384238817939, 9.888653579897506, 10.668887114873103, 9.13916572598884, 9.885283184313117, 10.449351675792979, 13.253825568183517, 11.186156121137072]"
pass,20250916_21MeOHIPA_BrainLipidEx_LC-TG_R-2_Op-TGL_Proj-solventmatrix_TG_18-0_Splash.dam,15.68,8.49,32440,5.37,"[38.88237710656843, 22.85285542166145, 20.76975835565, 8.87225202869069, 8.485281374238571, 9.179284245476838, 23.935677693908453, 23.935677693908453, 23.967739473363405, 39.69257626172656, 48.74043565601112, 54.649420722541755]"
pass,20250916_21MeOHACN_BrainLipidEx_LC-PS_R-2_Op-TGL_Proj-solventmatrix_PS_Splash.dam,2.13,1.75,3126720,4.13,"[8.288213725811945, 6.261552754812931, 4.830639772473138, 4.135341728186513, 4.110812710349966, 3.9147657198143593, 3.405250453095807, 2.924714994328071, 3.736601817100778, 5.285395476122042, 4.5413397946739025, 4.632344203740022, 3.846265418324997, 3.521176269709745, 3.164592329074008, 3.262975248392562, 3.7050340412599985, 3.6589507442266895, 3.6493590656080217, 2.7074862446284502, 3.455132859059208, 3.5705398387233167, 3.1026866418901853, 2.4254489866599167, 2.9316797563975077, 3.1082872699508557, 3.050023093906857, 4.30735543336848, 4.297900766141852, 4.3790938731717866, 4.892653774948864, 4.200636838917544, 4.955472065297317, 4.946425570151039, 4.0926168218898304, 6.033084201983897, 5.972122683977314, 4.757491135246912, 4.75393923900949, 4.6529688916252425, 4.2599344408830255, 4.213223322993134, 2.476581445247029, 2.361661460897219, 2.3383800953466207, 2.383546036280108, 2.695750020042059, 2.207860811242053, 1.7530614827793773, 1.7645031490782948, 4.808322975737268, 4.634344592916763, 4.768476156855379, 5.287692873023042]"
fail,20250916_12CHCl3MeOH_BrainLipidEx_LC-PS_R-2_Op-TGL_Proj-solventmatrix_PS_Splash.dam,60.71,54.84,3480,4.13,"[60.380736442455984, 62.7753195192246, 62.7753195192246, 62.7753195192246, 54.843527421200754]"
pass,20250916_12CHCl3MeOH_BrainLipidEx_LC-PE_R-3_Op-TGL_Proj-solventmatrix_PE_withSPLASH.dam,9.31,7.11,94600,4.52,"[24.97604904604404, 18.70813606241304, 20.677654949406378, 23.374847649047673, 22.536552924475824, 24.39090344581748, 23.256270829171317, 19.323076099465208, 14.348095695897046, 15.164203847054667, 21.074987368740995, 19.2384594622665, 19.05040966540716, 18.9673277735802, 12.3778527623694, 16.64003291196763, 21.11822985038221, 16.641847467958858, 16.64163067692431, 17.455345125715567, 17.962924142068683, 21.232132590706968, 21.232132590706968, 13.459842705643466, 14.921295203526308, 17.359430710526564, 18.1952578461425, 18.426815450189498, 17.983745813933677, 17.999638351913227, 18.350305709734634, 19.370404875324976, 15.780781612261338, 13.705692627966071, 13.611848731275996, 12.391690513064308, 8.329481974036884, 7.114327901512139, 7.484368984269961, 8.18134876098277, 31.52470342107197]"
pass,20250916_532MeOHIPAACN_BrainLipidEx_LC-PC_R-1_Op-TGL_Proj-solventmatrix_PC_withSPLASH.dam,1.34,1.25,41792320,5.49,"[5.675061715979178, 5.779959079954068, 5.439691600141634, 4.963932068309934, 3.4656322972246354, 3.8956901386272578, 4.097634380826507, 3.9526454732113128, 3.6502894665859578, 2.2190876562724253, 3.303838605057985, 2.876404769920085, 2.8922265487894965, 3.463651533144512, 2.65704880521318, 2.344185256191761, 1.7397115176352345, 2.248036011105902, 2.193092481637806, 2.3096392748302432, 3.0395480365711474, 2.5590352447583973, 2.4260635787292117, 2.9269961284480006, 3.0933684107149055, 1.659931084389684, 1.376661005579617, 1.3815430523562302, 1.5932440419908285, 1.3460304854009413, 1.2457047480046073, 2.0707661105655415, 2.6101038837603676, 2.6298213112065714, 2.9515020835429744, 2.948047431148744, 2.0302746494987347, 2.286589237560693, 2.222990599336096, 2.08670246314678, 1.9177881806053503, 1.9936925081640329, 1.9732277579290782, 2.0702185486502613, 2.4243112865427947, 3.0682148719113274, 2.991806941697121, 2.5220539562073934, 1.489856464279944, 1.5747657927605054, 1.332382639547163, 1.3319867475338665]"
pass,20250916_21MeOHACN_BrainLipidEx_LC-PC_R-3_Op-TGL_Proj-solventmatrix_PC_withSPLASH.dam,2.58,2.4,130568320,5.49,"[23.0441564332075, 24.24378925097051, 24.018282451244268, 20.88893621574189, 10.786226923848625, 5.245345958458917, 6.87679345367861, 7.327443945538266, 6.691116311550665, 6.804294261575279, 5.369304137874995, 4.80570565296252, 5.92791002426653, 5.672557911620922, 5.648691357749568, 5.670291298356072, 2.5297843207725537, 2.5863034466073485, 2.7014605306768873, 2.8409477831634913, 2.9057369864955302, 2.7890889433711674, 4.169953918838974, 4.9781266820883525, 6.217340912850323, 7.597191724259537, 5.5794913319451505, 5.153223170855396, 3.432490195998546, 3.2579821870506898, 2.97703679543396, 3.6572862090812945, 3.6703503648139577, 2.8039132181515614, 3.0475934590837492, 2.4002174414811095, 2.471362463746305, 4.681096830631068, 7.084923016966388, 8.589014603695606, 8.71233695427309, 8.164315679783552, 8.29366255371736, 4.797764515807732, 4.113739655628477, 3.9623099240408624, 3.617450690820321, 3.3379606751520012, 3.5767275134001957, 3.5259071316906967, 3.436429189641882, 3.2490990793666343]"
pass,20250916_21MeOHIPA_BrainLipidEx_LC-PS_R-2_Op-TGL_Proj-solventmatrix_PS_Splash.dam,1.61,1.29,3606160,4.13,"[6.701075200920878, 4.252481967994842, 4.107867198667102, 3.6254433768929317, 3.5253013723584554, 3.727794288291073, 3.5440777604884253, 3.9338796548543122, 3.5175822495038185, 3.382076568160309, 2.9726912609348526, 1.9848291012206767, 2.351905266697949, 2.3024539497252414, 2.2536610171878584, 2.3435147612292746, 2.7304425742146745, 2.6472691248121802, 2.5702677474224576, 3.0310621012758188, 3.0378350694274623, 3.339180927494296, 3.286704697141323, 2.841968030630998, 3.14427395821796, 2.7150991639470163, 1.8049249837828474, 2.5650007547788354, 3.458621708722702, 4.337711997652638, 4.475236523569085, 4.433793590996731, 4.439758465610068, 4.37153494503697, 3.641641809361213, 3.3560486404616903, 1.293581611959725, 1.8671177500838774, 1.937765485683531, 2.01891826711675, 3.3046780909089537, 3.47802322622601, 2.9561882421479173, 3.4639939983693613, 3.401510982937765, 3.4375635833328095, 3.5632267153625072, 1.5876653015996378, 1.5931258702561968, 1.5337920151869011, 3.2559208485759563, 3.784386229902712, 3.960664737286992, 3.8904619115234436]"
pass,20250916_21MeOHACN_BrainLipidEx_LC-PC_R-2_Op-TGL_Proj-solventmatrix_PC_withSPLASH.dam,0.29,0.25,319692640,5.49,"[0.6985183476883171, 0.6002023081642807, 0.4557984243839317, 0.37302847820640883, 0.4748275545707793, 0.33806649953428125, 0.5385605856821105, 0.5377341658468355, 0.5758773091680175, 0.5412015572005843, 0.47972208661539123, 0.6093473500853664, 0.4505907858643, 0.4393844028283652, 0.38167341785036996, 0.44791271232100976, 0.6654245344324082, 0.8225041639437429, 0.8381778944664887, 0.6714930151886069, 0.6183172314810912, 0.4116730706043208, 0.3055181957509579, 0.39079049920948256, 0.42773225865675696, 0.4051231699377523, 0.5667075385690207, 0.5642733930757251, 0.5403565403461265, 0.5578115010200048, 0.408946477996507, 0.4139041509582187, 0.3882375542822119, 0.3734898125286245, 0.31125653491562166, 0.27444507095078247, 0.3775817835476072, 0.33951752265635887, 0.3473555978272335, 0.3417805819522016, 0.304856135974799, 0.29182568749840054, 0.3113969709959523, 0.24814114997820025, 0.392233116734472, 0.4432964789792872, 0.5970121361814333, 0.5811111054486775, 0.5608989101631862, 0.5674032947258475, 0.5901215076430261, 0.8327646208823042]"
pass,20250916_21MeOHIPA_BrainLipidEx_LC-PS_R-3_Op-TGL_Proj-solventmatrix_PS_Splash.dam,2.2,1.67,3261960,4.13,"[4.787963660420925, 4.646364394351098, 3.754433834725784, 3.115196737078544, 1.6713293761389452, 2.5576695214979317, 2.4139087597983626, 2.485762278721034, 2.364487995526248, 2.8325988421448556, 2.801421378104904, 3.3122089528710887, 3.5057385885916723, 3.5129019945035047, 3.0925925020003695, 3.3129101549865805, 3.2747107949250287, 3.323475421212801, 2.9618293064025574, 3.962991451343792, 5.118440025494014, 5.126666911579437, 5.288797709198769, 5.649630532878759, 4.939934302085122, 3.173663562184396, 3.294086935761223, 3.6060911946655207, 2.4094387539151936, 2.644424596502187, 2.9515281175593553, 2.7999124076796633, 2.8629771685712457, 2.16225712164817, 3.044713537827774, 3.022186404700051, 2.95052671505333, 3.105928852024762, 3.116222479179228, 4.487771235208984, 4.4373476849003834, 3.870294073185866, 4.286528975164699, 4.1861069728316, 4.06444532958337, 4.064427479120368, 2.164649392759881, 2.9251798518301166, 3.585752250727714, 3.383836402048246, 3.3540043759154696, 4.257021665990617, 4.539191054785294, 4.632091139947927]"
pass,20250916_532MeOHIPAACN_BrainLipidEx_LC-PS_R-2_Op-TGL_Proj-solventmatrix_PS_Splash.dam,4.08,3.52,1251560,4.13,"[3.5162653811090525, 5.896372266295398, 6.705200753434112, 7.12173594176103, 6.764418358025763, 6.044083952738523, 5.934168685221719, 6.240012101926049, 5.005336385721365, 3.774200429367348, 5.677998147948478, 6.021653125649004, 7.3435657516529655, 9.286839595584881, 9.828394094805518, 9.811993903622302, 9.87341261821665, 10.934413214258395, 11.099396800921783, 11.384256758642765, 8.530134918866288, 8.509661267899533, 8.565094167291381, 8.300970751529205, 6.051856276392474, 7.489327360086892, 8.882006325481239, 9.011027096461973, 9.080870934857115, 9.120549997326364, 9.303159229395012, 9.21401495630921, 6.801703246077996, 3.723417282236662, 3.9641719529132797, 4.4839501121931695, 5.495814719160485, 5.62586753289953, 5.854855304348371, 5.776371489882448, 6.814632596671751, 6.79701586373013, 5.41972783544736, 5.855797227967892, 7.635818574460834, 7.798012122502258, 7.454322021611012, 7.980630265519895, 8.680890515207897, 9.062440189973922, 9.938914845275447, 8.7102385615465, 9.171998044873988, 9.325479589840352]"
pass,20250916_532MeOHIPAACN_BrainLipidEx_LC-PC_R-2_Op-TGL_Proj-solventmatrix_PC_withSPLASH.dam,1.08,0.84,41438200,5.49,"[2.2995155206370548, 1.2671786362918736, 1.8070062965800746, 1.7766789001210408, 1.7632071834712044, 2.378317416160641, 3.0775164014874496, 3.081349646299931, 2.4819713509726626, 3.107407152959427, 2.813837242389935, 2.782155242583183, 2.5299993073258786, 3.087554318037151, 2.3428631900960046, 2.3182872066920117, 2.9742995696955146, 3.175928747068318, 3.3275232303295614, 3.015621458025245, 3.1740060129283854, 2.3211178517007003, 1.7470229195279783, 1.7880487944413035, 1.6595706735507532, 1.2271816718838002, 0.8363784101614411, 1.9026835538966627, 1.9152498133182994, 2.257743061222878, 2.4405304895017235, 2.1241578296493815, 1.8712488460704515, 1.291674884718093, 1.5282986089504829, 1.1171109415531135, 1.0974669259186065, 1.164307900057553, 1.0661190324902088, 1.219531552821378, 1.7723064539754192, 1.6299186744679381, 1.4576650734119014, 1.5873683513473444, 2.2369305179066243, 2.234525737343531, 2.165883385362349, 1.9447831114189043, 2.041297487015799, 1.657678269019181, 1.953662507051708, 1.6991986747245855]"
fail,20250916_12CHCl3MeOH_BrainLipidEx_LC-PS_R-3_Op-TGL_Proj-solventmatrix_PS_Splash.dam,40.92,34.09,11320,4.13,"[67.07931700535597, 63.245553203367585, 56.13349738868827, 60.534909648044476, 48.719474037654095, 62.65497484410809, 64.76275840352275, 48.19264325804854, 41.80418079188301, 45.984598871071306, 44.55254880917157, 55.37749241945383, 54.30123663394465, 54.69417694282447, 41.80418079188301, 37.26779962499649, 34.08685061190898]"
pass,20250916_12CHCl3MeOH_BrainLipidEx_LC-TG_R-2_Op-TGL_Proj-solventmatrix_TG_18-0_Splash.dam,18.91,14.28,35280,5.37,"[33.317550504165716, 37.11389433145923, 36.49904013526722, 29.957234475763904, 28.957583923156754, 30.572524780990374, 21.51657414559676, 21.462472635963675, 20.99455524325912, 22.96658031191144, 34.824163212493325, 49.60853717175189, 48.21830521043483, 46.926444788408354, 49.75869579898579, 46.02171845122937, 51.15171664959715, 42.99705885858418, 29.338125203484296, 29.82588361362213, 28.367952706191907, 28.367952706191907, 32.354782581913064, 31.773490747161542, 26.72832378173143, 24.08378125782414, 25.16619839300725, 24.078803399424736, 17.656134195085098, 27.23182235378776, 32.8028535202972, 34.8908059756824, 42.186445862960234, 39.56316756123106, 42.68658221006666, 41.71011068474086, 28.845840868494722, 28.94925268904084, 26.33423334284141, 26.93160067043535, 25.7605845418831, 28.3069010240563, 29.74001732955942, 29.74001732955942, 30.111432628662087, 14.283459920353824, 17.553934495754294, 23.20042788707262, 25.073964658659463, 25.186730546402213, 36.78428671285362, 37.47640623424437, 38.35185956774127, 41.45005423259146]"
fail,20250916_12CHCl3MeOH_BrainLipidEx_LC-PS_R-1_Op-TGL_Proj-solventmatrix_PS_Splash.dam,,,920,4.13,[]
pass,20250916_21MeOHIPA_BrainLipidEx_LC-PC_R-1_Op-TGL_Proj-solventmatrix_PC_withSPLASH.dam,0.88,0.67,86260760,5.49,"[17.786635369727392, 21.586118369209267, 20.58019209329734, 19.35108678467499, 18.414768894913813, 17.703114373709838, 17.142112625954258, 15.290675460041731, 9.134801081782909, 6.073024107704886, 2.5318820948528074, 2.0143767521680838, 1.9161143174592636, 1.5507403108399316, 1.3402373458540993, 1.1691883688384757, 0.6706291936246387, 1.1407686476892922, 1.4594805232935943, 1.6766449328789765, 1.5803711728003798, 1.5892966818951404, 1.577935224016926, 1.707706374828823, 1.4529782939648783, 1.8223833415787254, 2.0615707707725286, 2.061615820837636, 1.9441460357802147, 3.041786143142056, 3.9219485158820024, 4.156080345576226, 3.628439254264742, 4.0550179697687545, 4.531507249649687, 4.6520277849845995, 4.943057887292586, 4.534003621444969, 3.3249729289339953, 1.2380948302770525, 1.1258396471672232, 1.048292893999681, 1.0560774274033364, 1.016810356500045, 1.020836564279042, 0.8431324149871031, 0.8527732076073347, 0.8929206161918767, 1.1280756221532784, 1.2845804174569437, 1.6121283450073645, 1.9267155363571016, 20.74543947104671]"
pass,20250916_21MeOHACN_BrainLipidEx_LC-TG_R-2_Op-TGL_Proj-solventmatrix_TG_18-0_Splash.dam,6.07,5.54,453280,5.37,"[6.865764396758925, 7.887708680960921, 9.488021925366217, 11.771729311080668, 10.98844487386276, 8.704569487525122, 8.908864832760012, 8.255184313554102, 8.365909587506392, 7.9351304455173075, 6.8496420466987615, 7.618006705558958, 7.706064435984074, 6.078878053365154, 5.974893800325652, 6.783349548598159, 6.9266655465035365, 6.592721430029143, 6.026242972210557, 6.234861629444512, 6.554026460551962, 7.218452034076004, 7.442446490164088, 7.351569623069176, 8.69085338701813, 8.606374092567384, 9.893849790303879, 9.524927303789228, 10.650572257945083, 10.650572257945083, 10.732051481738534, 10.67099916227598, 10.415885304028011, 11.985750972907502, 13.0026246850974, 11.853060892029879, 11.00055887852841, 11.015015408901084, 11.328755715681073, 12.265359741433468, 8.075174734509808, 10.71900236237763, 10.792152104678564, 10.39711769630302, 9.995917534020515, 9.681075328596753, 8.428593905770752, 7.23236559436825, 5.537361601613672, 8.419274928863718, 7.565589649590362, 8.981506830126882, 8.69328258626321, 8.990138446471896]"
pass,20250916_21MeOHACN_BrainLipidEx_LC-PS_R-1_Op-TGL_Proj-solventmatrix_PS_Splash.dam,3.55,3.15,1786760,4.13,"[30.28419423867486, 35.336089493239186, 37.286176707523396, 37.85200734014434, 39.39209918156023, 40.226583176042475, 37.56990111674997, 7.34203668689988, 6.736650615910595, 6.642573424351152, 7.2801310371276395, 7.798770757443253, 6.821535685885846, 6.720806059980279, 4.458975271047031, 4.534050633127808, 4.026821771839112, 5.838026426194336, 5.787283399105514, 5.644493567917081, 5.843504182727178, 5.4950114473807234, 5.2009362263244485, 4.781483692706426, 3.4732221302235757, 3.7375709948069678, 6.006247166586297, 5.012013631776183, 6.0538162170319625, 6.400523807680039, 6.284332520318925, 5.690807765709483, 3.1460098637645637, 3.1716711643133872, 3.907360355691157, 3.873737314105139, 3.937297781667533, 4.441159613953841, 4.426834716887367, 4.884029199020943, 4.876516351986682, 4.953281731946444, 5.01541012600236, 5.417444742339201, 4.916896380120906, 4.928095172755406, 4.109656306008447, 4.719371498149503, 4.946056140773135, 4.997406649354905, 4.449706456683346, 4.444659767629142, 4.510632076372936, 4.4393130490063]"
pass,20250916_21MeOHIPA_BrainLipidEx_LC-PE_R-1_Op-TGL_Proj-solventmatrix_PE_withSPLASH.dam,1.75,1.24,4449080,4.52,"[2.9234513038836134, 1.6759902616808768, 1.4163764202160574, 2.486647272311963, 3.0408767544456494, 3.254166852360722, 3.968762316046115, 4.316412726771366, 4.016849769536346, 3.318675781129758, 3.661433118741289, 3.665242376718717, 4.008339872695461, 3.540013878913699, 2.68031569176717, 2.6962546084595727, 2.588280254807809, 2.1336547046762813, 2.4799651749728406, 2.2759222862315363, 2.44889000284849, 2.5449499247795964, 2.703521675938153, 2.804846008136434, 3.5488070987993106, 3.378901267508441, 3.1165881408657365, 3.14479683959978, 2.861473672805766, 3.5887137783800633, 3.3582438168119073, 2.7682319024299527, 2.9767494423589373, 3.5718728579107517, 3.6496832667189123, 3.3302362871757487, 3.271006684486451, 3.2861974377306793, 3.2761935707612224, 2.8440581945938246, 3.265247629500497, 3.428869327212283, 3.3532048797298803, 3.053378493775055, 2.995719414903113, 2.917969971629179, 1.2399626650961144, 1.7962800063654871, 2.2284074327353696, 3.4724506225785974, 3.4224337889276297, 34.26821774496439]"
pass,20250916_21MeOHIPA_BrainLipidEx_LC-TG_R-3_Op-TGL_Proj-solventmatrix_TG_18-0_Splash.dam,9.48,8.46,258200,5.37,"[20.040089913146442, 22.834711966070625, 21.437008647987508, 17.108635702185378, 17.419432893814722, 19.28736121845166, 13.203595731755938, 10.438134698665479, 10.138441322824148, 12.681115191838632, 13.473283213059654, 20.534700043630952, 36.075824262748505, 27.196096505965766, 13.691199469516663, 14.245099187441163, 11.218268233101362, 13.001387609094769, 13.426694832395947, 11.840392368229645, 12.016031195366192, 12.401225711003024, 11.11222896583426, 11.449507857592094, 9.806124949910703, 12.01850425154663, 13.937716114552657, 13.50137602647909, 11.041278626674277, 10.124434341744111, 10.081148024172645, 9.794649109337719, 9.959848387099782, 11.343065062934938, 11.722417745486347, 14.863301477307564, 12.300095810946683, 11.178689202197852, 8.794040260735635, 8.456876123213478, 14.721064655821053, 14.62455103684506, 11.970104982395428, 13.317862190792304, 14.502547185298734, 13.02638207274044, 14.975887649296574]"
pass,20250916_21MeOHIPA_BrainLipidEx_LC-Cer_R-2_Op-TGL_Proj-solventmatrix_Cer_Splash.dam,3.49,3.25,1211200,3.57,"[4.292575659664174, 4.541357058773983, 4.179332349294838, 3.5214499695566213, 6.120925280779624, 7.676932822302743, 7.8534183425938595, 7.677583537451092, 7.519100058291786, 7.734428887732261, 7.859842927056285, 5.950054095644094, 4.199724122338167, 5.22823670992326, 6.082147947031791, 7.341703933587708, 6.6899233645685685, 6.64708237632735, 6.98197696664787, 6.894399620664434, 6.421031896547602, 5.731029002368404, 3.9181752224166333, 4.6380090144566495, 7.834528288748571, 7.167035576354827, 7.167035576354827, 6.830354863299107, 6.540097853548792, 6.627159508502197, 6.683342233743826, 4.383344268782556, 4.343706343227229, 4.192247746766005, 4.012969008115355, 5.426230466882962, 5.577957014570711, 5.472419374649121, 7.226910697806438, 7.184062580270416, 6.602653171257201, 5.431368444778038, 6.036694628575024, 7.365461512421412, 7.014270975575526, 6.897759215842031, 4.952937875527792, 3.37846162547986, 3.5152330203399287, 3.591322126023772, 3.2473700441843367, 3.688517977058283, 4.059242530749001, 4.802504429064617]"
pass,20250916_21MeOHIPA_BrainLipidEx_LC-PE_R-2_Op-TGL_Proj-solventmatrix_PE_withSPLASH.dam,2.6,2.01,2011400,4.52,"[8.645177743184075, 5.037890778905314, 4.690663155974127, 6.147696125691523, 5.076934569610346, 4.588077296013564, 4.697899341973507, 3.567493998795393, 4.659127525450684, 3.666974388330816, 3.9911840095135176, 4.10581184901261, 6.334050331483955, 6.5101669990944435, 6.8334413548723845, 6.859445830475723, 6.350949926047185, 5.067767214089098, 4.513056429900289, 4.381908114125917, 5.421825481336402, 5.1154966823256975, 3.9219561202541393, 4.161484868419085, 3.6177729223782746, 3.951533204639569, 3.5308710796083567, 3.0597436146368757, 3.1910846892515896, 3.1569295624360896, 3.0712680604816986, 3.0532789283391017, 2.641464564660289, 2.945396412749913, 3.470925716703116, 3.4095629290985254, 3.298199913145414, 2.478961308551801, 2.4575332087939734, 4.142583461129818, 4.2456754099126774, 4.304786236533958, 4.7243939892302365, 5.266717974670119, 4.008572556706297, 3.505050973927779, 3.2689017620432304, 2.010073585267546, 25.75082623541725]"
pass,20250916_532MeOHIPAACN_BrainLipidEx_LC-TG_R-3_Op-TGL_Proj-solventmatrix_TG_18-0_Splash.dam,10.26,8.35,196240,5.37,"[17.82317499968661, 18.28148963439964, 21.388381618852772, 21.066252211737158, 20.618559362217027, 21.045621419178932, 23.597490624767886, 17.190551075992193, 17.10191620599219, 11.276854024776455, 11.10534015645146, 11.574814629835227, 11.676257729172345, 8.349624273261407, 8.99945675488041, 10.256410256410255, 11.604088332791566, 11.857596873713142, 12.548817045845304, 16.678472460712833, 17.018637216620363, 15.02794623475835, 15.481217490584081, 15.477877527548166, 19.031465469980272, 17.104790751911192, 17.496916558877, 16.441979934406675, 15.969872613550763, 15.969872613550763, 15.527438242874423, 14.746276395487035, 15.579809424943802, 14.132392504680022, 14.455911772693367, 15.204823137313825, 17.376739752925975, 17.87896334972066, 15.304067328232582, 15.001538890776583, 16.374547865876927, 20.323164408106777, 20.360091636901146, 19.392935891858034, 14.591961416483324, 15.361336282675758, 13.449339392544509, 15.62047395268932, 13.363365572820543, 12.910526317787962, 14.625695452831113, 16.534651386455646, 12.758653163784611, 13.380553648553606]"
pass,20250916_21MeOHIPA_BrainLipidEx_LC-PC_R-2_Op-TGL_Proj-solventmatrix_PC_withSPLASH.dam,0.85,0.66,71496680,5.49,"[3.794702560127225, 3.028318028876609, 2.902657174513837, 2.196754272853653, 2.207683819024524, 2.0571736678269357, 1.6393981166950975, 1.7330903033040543, 1.7336285431633711, 2.0404134714771045, 1.1696227837263093, 1.628004961290149, 2.000864955833886, 2.068113186615296, 1.9831469870478007, 2.165133695760772, 1.3952156710740757, 0.9280688109671639, 1.212151898693432, 1.4426312563645172, 1.742751540599228, 1.8133644656613677, 1.9473478472375048, 1.3394521947603755, 0.9849474215528514, 1.5238137907625753, 1.2800590615278535, 1.2273395698110585, 1.2190629917217757, 1.118253241640719, 1.2259801633065286, 1.241044644764162, 0.6555693448168467, 0.692020603303471, 0.8446907507150171, 1.0090607719371114, 1.4518812360524807, 1.7201364380274353, 1.6795618042108926, 1.6363838761729737, 1.7450275165123774, 1.8919030280826847, 1.8717653248314785, 1.0592152170173212, 1.2897056341141122, 0.9869424502506915, 1.0028844217201773, 1.3398637312673256, 1.3414718384832884, 1.368467945026412, 1.1262714118211414, 1.0583648250191529]"
pass,20250916_532MeOHIPAACN_BrainLipidEx_LC-PE_R-3_Op-TGL_Proj-solventmatrix_PE_withSPLASH.dam,3.71,3.02,1976200,4.52,"[4.29857074434465, 3.017446365128754, 5.9948918508489175, 5.935430090897234, 6.354387881808593, 6.2361507959680855, 7.466195540609282, 7.288005499820767, 6.728360427124419, 6.787994526756166, 6.363891692027379, 7.037321277212699, 6.469273013070989, 8.206516659643178, 9.652266863034225, 8.987016514211279, 7.525930936526113, 5.756244816916263, 5.704893563903344, 6.4493741940797875, 7.198017585306732, 7.289529107096546, 8.95075247961343, 8.857819349284162, 8.026369468308557, 9.97334653554454, 10.252635236869416, 10.731216690127512, 8.731424727830953, 8.24926962689611, 7.484710859001817, 7.480288466140081, 3.7698732663637977, 3.7888564097474076, 4.558048974211361, 5.17867803979948, 6.729135804734219, 7.161976437391987, 8.661269194707424, 9.6461323856234, 10.404958409840997, 10.123626323772339, 10.239142836412487, 8.422240830108949, 8.35109798494218, 3.810737789344315, 4.07012243040249, 3.8164573516890212, 5.76984390638406, 7.504582924461565, 7.514133157094699, 23.017449184095117]"
pass,20250916_12CHCl3MeOH_BrainLipidEx_LC-TG_R-3_Op-TGL_Proj-solventmatrix_TG_18-0_Splash.dam,21.88,17.27,24480,5.37,"[38.79265293615454, 34.79519678022926, 24.052284646041734, 31.832149512929913, 37.386331265133485, 35.311117229563834, 31.71673874961008, 31.716738749610084, 36.37908052713812, 37.84083302351974, 30.82542722689302, 26.2431940540739, 32.65986323710904, 40.645027114847224, 45.35342286998716, 42.47311764103556, 39.27721635398703, 41.004464512591134, 40.22160834399562, 32.81888788403913, 22.558758153862204, 22.5587581538622, 27.377123723157208, 26.687470206431946, 21.379808574259318, 27.4238238709061, 26.516504294495537, 26.36321952395026, 26.421045122105834, 17.27095634760765, 23.439279326118225, 36.51483716701108, 36.59926464889023, 38.18813079129866, 42.028747813292455, 41.66666666666667, 40.99317957111722, 40.256218859339995, 40.256218859339995, 40.55023217738573, 45.105421567927024, 50.08211534519131]"
pass,20250916_532MeOHIPAACN_BrainLipidEx_LC-Cer_R-3_Op-TGL_Proj-solventmatrix_Cer_Splash.dam,6.89,5.97,489080,3.57,"[8.35653858903848, 8.274411629526387, 7.796584088456829, 8.109128607854474, 7.7173866345746065, 7.3278296055417815, 7.097198734010934, 7.097198734010934, 9.085875603810676, 10.083542060004776, 11.511351105246117, 12.20046842136142, 12.226065350808314, 12.24884866233607, 12.826825209358752, 7.788950068760557, 8.787498372134758, 8.972399340940683, 8.201313959621784, 7.481827504659545, 5.968719832065938, 7.908432079824171, 7.745940612576324, 7.707757275591881, 7.022277496115245, 10.27261506970695, 9.770411420624331, 9.946559304851181, 11.351838848036062, 11.044450644839529, 8.301937233995874, 6.8351258969479805, 7.855354105159044, 8.334254405076527, 11.72957805413397, 11.654430206486616, 11.512535922440605, 11.492807927645066, 11.540724980857393, 10.644700670898622, 10.236391055594888, 7.3349333714290035, 7.548179818985661, 8.802648234943529, 9.059609457764308, 11.203324899904207, 11.649203533791855, 11.952470059522186, 13.015462196942229, 12.112033853375534, 12.217527290874173, 11.802898242424497, 10.5833159516729, 9.039690792788836]"
pass,20250916_12CHCl3MeOH_BrainLipidEx_LC-PE_R-2_Op-TGL_Proj-solventmatrix_PE_withSPLASH.dam,11.7,10.01,72360,4.52,"[40.65203882679681, 28.54760847897596, 29.531436976083015, 31.13488947924775, 33.83084493134177, 31.797973380564855, 30.374644814697792, 24.36097905001936, 24.33683362025243, 23.728711309996328, 25.965334736521502, 24.282689687129057, 25.202873589669032, 24.8210779055544, 17.321439037964222, 10.005765350723978, 14.048384023221741, 11.108513615710526, 11.563024200893441, 11.563024200893441, 11.936851945983342, 26.47325364023238, 31.00537587795596, 29.1419648484164, 23.566030182635465, 20.19935456282502, 20.85893285691521, 17.661843530295553, 17.056802560448393, 20.807844735202462, 21.621148175869536, 22.01019621104016, 17.68494279453825, 20.035277962222803, 22.94273623623629, 22.94273623623629, 22.76042051045994, 16.993922102615162, 36.795361190289114]"
pass,20250916_12CHCl3MeOH_BrainLipidEx_LC-PE_R-1_Op-TGL_Proj-solventmatrix_PE_withSPLASH.dam,13.42,10.07,30240,4.52,"[26.14241774761596, 32.13629750542215, 27.547996417725628, 28.103633071402317, 31.49195597965109, 26.383481573405998, 25.688198957262358, 20.324878942069862, 27.365559995619932, 23.68924171154461, 23.689241711544614, 19.84881422352639, 20.421988377911745, 21.864905078094303, 24.53676469332258, 12.72937693043289, 10.237846142442441, 12.017982566704369, 10.066445913694333, 17.181481642149716, 18.28967001049417, 21.529302081726495, 20.470413147886763, 28.069945350070114]"
pass,20250916_21MeOHACN_BrainLipidEx_LC-PS_R-3_Op-TGL_Proj-solventmatrix_PS_Splash.dam,1.62,1.28,3199680,4.13,"[7.0009706095206345, 7.02446390702731, 6.826829456579257, 4.367400621940662, 4.363451118176289, 6.211964912216356, 6.336172237152391, 4.526624031908113, 4.369185619335405, 4.195631393912894, 4.206236812165687, 4.100546170520211, 1.9070541903602067, 2.5794610028987446, 3.4212981467386614, 3.2098613170061885, 3.091858554682624, 4.4684017963124, 4.5695021129020805, 4.7654784164883015, 4.3882123116124525, 4.5683127251721665, 4.561458702927734, 4.491897809504892, 3.53252016571098, 3.3100984708495047, 2.9015795806497975, 2.985541619945748, 1.2837538970441735, 1.3904630048554196, 1.3629347240922862, 1.9539362967552913, 2.299177433031554, 2.343518859051392, 2.3892273442634893, 2.4671040024412627, 2.9809771187043714, 3.2331436133751645, 1.800836975669124, 2.1181988204624713, 2.131804028204469, 2.3419054703794253, 2.4369510584730114, 3.297944941136308, 3.297944941136308, 4.412202310065611, 4.128743221099896, 4.126503963605481, 3.9278707733384244, 4.052850008666118, 3.047935569449246, 2.7483930432243135, 1.994624880102316, 2.100060612529674]"
pass,20250916_532MeOHIPAACN_BrainLipidEx_LC-PE_R-2_Op-TGL_Proj-solventmatrix_PE_withSPLASH.dam,7.23,6.3,1142000,4.52,"[13.957530725216019, 10.533832258847319, 12.395516002522319, 12.189441322121631, 10.726565717573987, 13.066135820284089, 11.847020472643784, 16.372064140201246, 16.75148187709, 17.929302236732433, 17.778209950607547, 11.711132304462286, 11.014910539111545, 7.040194579555129, 7.084624205322612, 6.296758696576189, 8.247082327414947, 7.986921331291819, 11.676824859595293, 13.15237691324493, 14.911019046149931, 19.03848164571062, 22.42751148528203, 16.391497455789818, 13.19452716966117, 13.081362226706542, 15.548811956459005, 18.440579289698903, 17.96766183787148, 14.992515905493741, 17.35542648766386, 11.85561134227225, 15.065592676078479, 15.00107267874162, 17.44323723666653, 17.374304721924183, 17.906264836624906, 11.160978710269058, 11.078460996312883, 11.420214891720237, 11.020163532406437, 8.060630178202961, 8.018056428982723, 8.81544579502824, 8.730354883457156, 9.24050212207689, 6.958280968904358, 11.382465611838473, 15.146443696383512, 15.145404658264763, 13.464537361479485, 24.081364247866468]"
pass,20250916_21MeOHACN_BrainLipidEx_LC-PE_R-1_Op-TGL_Proj-solventmatrix_PE_withSPLASH.dam,1.26,1.0,5884280,4.52,"[2.9115522010751618, 2.9357467720627155, 3.1178553433923897, 3.13021950639562, 1.981137229572127, 1.4318395002520328, 1.5982587430783952, 1.5703276320829425, 2.1537470848151297, 1.7963023526823065, 2.6797858044986698, 2.638173134614185, 2.6382487656241214, 2.4734703475741493, 2.4536761234787927, 1.586489934390361, 1.6122564831778, 1.002371102758304, 1.060402173346026, 1.0518478817929355, 1.4212554778768167, 2.299946997779458, 4.9585766178981805, 6.7650119924683505, 8.372940527184763, 9.170309523234176, 11.175109152544536, 10.476000807250957, 6.651723792393124, 5.902165562058196, 5.884797880484277, 5.093053865322954, 2.8683512898116303, 3.3201382951321996, 3.571651370407976, 3.8711054334860218, 2.9199179216131554, 2.930760863548177, 2.9851339050852523, 6.296495746004697, 8.40149823084849, 9.579513087634298, 10.718618701049301, 11.003941615867447, 8.56747511487141, 4.255040414541342, 4.123004153966163, 3.625319289914352, 2.4462504747768716, 2.3401442525492215, 2.6047204292265325]"
pass,20250916_532MeOHIPAACN_BrainLipidEx_LC-Cer_R-1_Op-TGL_Proj-solventmatrix_Cer_Splash.dam,5.34,4.82,676160,3.57,"[4.824169810184111, 5.901859731625454, 5.652779418990551, 5.363729746766233, 5.619264754399773, 6.554095265903446, 5.312896853406702, 5.253274953360216, 7.609262670077846, 9.090014292459474, 9.368316014289972, 9.738604573720126, 9.751328725179405, 13.29017329716191, 13.027912419224966, 11.27580728735369, 10.765378960600273, 11.350604335225162, 10.602808298827505, 10.518991216795138, 9.590031088297597, 9.693098655286757, 10.40437393668564, 15.612665020878245, 15.6572574726114, 16.2270371470178, 16.165048807253836, 14.141764347764532, 14.127263680887852, 14.414486298026452, 12.15692072240282, 11.064797666139672, 10.105300146427256, 10.981462813618455, 9.469912478465053, 9.293040567121567, 9.796465197467377, 6.394945611026348, 9.738347360643754, 13.470921590166457, 13.136777901744825, 13.136777901744829, 12.831289948477801, 13.331646320902804, 13.195519641483248, 11.014207343385033, 6.999643127342161, 9.305661949465119, 7.850152157053319, 7.656441657123622, 8.34358869372986, 8.492707682645715, 11.92491405798068, 11.760472435981576]"
pass,20250916_532MeOHIPAACN_BrainLipidEx_LC-PS_R-1_Op-TGL_Proj-solventmatrix_PS_Splash.dam,3.94,3.68,1356680,4.13,"[5.683550154575518, 5.771658383144562, 5.7330571790395215, 4.367816813097821, 4.0988899908479555, 3.6823335360869307, 3.8285116575514366, 3.7722772715707773, 3.967843859535905, 4.936048707030161, 5.572293060916018, 5.416648418541042, 5.231250793328584, 4.814810780360308, 6.136500990890848, 5.061179220501676, 7.358979618164948, 7.018915147712111, 7.188037037959444, 7.295514394090967, 9.176847904537436, 8.145586442805959, 8.705271426482934, 8.215131740942539, 8.27454873325324, 8.506836737624239, 9.145049696853778, 7.246729271260992, 7.647847832188459, 8.279427294762868, 7.126348256352608, 7.390316565689408, 7.719202289310675, 7.015818453455898, 6.895267974599211, 8.895175587634835, 6.552510729529675, 6.941557629628638, 6.786302640496203, 5.8619952682594425, 5.196196421169126, 6.288077880854341, 4.31041247826233, 5.777090627869101, 5.493680749360384, 6.241327729701523, 6.621407654108633, 8.040966723341436, 5.101146940924658, 5.205197123832577, 6.322579377573925, 6.301643282146429, 6.162280426622053, 5.982309374335594]"
pass,20250916_21MeOHACN_BrainLipidEx_LC-Cer_R-3_Op-TGL_Proj-solventmatrix_Cer_Splash.dam,3.78,3.12,477640,3.57,"[5.498538166256493, 5.315562842572114, 6.334557056305205, 5.5606611067101746, 5.975563712543806, 5.724388853775905, 6.2918368200038, 7.366171088895344, 7.459586079573111, 9.559062138907592, 9.448585037233306, 10.504665718785814, 10.454100606685733, 9.774250549381753, 9.152255478439855, 6.374218639501904, 4.981821392984428, 4.367708164034678, 3.199096060458088, 3.3847224758747982, 3.116425106707406, 3.6077122551229546, 5.376031904400371, 7.000000000000001, 7.159632836317345, 7.0839787678382695, 7.786766377414284, 8.726126767741347, 10.202643081447295, 8.622567596520293, 8.341768538561865, 8.533331204686615, 7.998784595517881, 7.833888749668745, 6.729487939789454, 6.5876533907633785, 6.030101806192025, 7.020952148011626, 9.063559944949846, 9.063559944949844, 9.253148136752975, 8.953865755428566, 8.20194369590633, 8.239550890886983, 8.00105326782783, 6.46745564812345, 9.823439087780638, 10.888683148569786, 8.735660128223579, 9.766382340818906, 10.873143537022703, 10.865942935498413, 9.964984868130507, 11.645860457624932]"
pass,20250916_21MeOHIPA_BrainLipidEx_LC-PE_R-3_Op-TGL_Proj-solventmatrix_PE_withSPLASH.dam,2.78,2.71,3011560,4.52,"[6.0909469089782124, 4.947051792484968, 4.316079586880966, 3.2486810081323094, 3.2554500610384154, 3.4777673685179735, 2.9505787572033113, 2.9585335292014365, 3.0541741049892286, 2.8432618663696325, 2.7220157231753013, 3.048424702655766, 2.705559046173788, 2.8854489620549124, 2.7403061586321136, 3.2745340014676536, 2.9144876487822398, 4.251066033674757, 3.898955236627492, 4.000187385535923, 4.111360645614024, 4.25471889434085, 3.7374156066971427, 3.2188388628727185, 2.805590142510868, 3.0568127606147226, 7.541423451763694, 8.448701850182356, 9.394225218928314, 9.080239150673835, 9.107959551024322, 5.947860597706962, 3.603848331956698, 3.4481710395973706, 4.081634610785513, 4.491626147618037, 4.3265095410652, 3.9766672354294057, 3.98916168270664, 3.8238010002348153, 4.312930732164473, 3.469054066563832, 3.478851408859603, 3.25483084220497, 3.570743734437059, 3.5515220772011005, 4.270579722067585, 3.6369544542515877, 3.6867654813054527, 3.64565397860031, 3.754275118635609, 23.903924982794152]"
pass,20250916_532MeOHIPAACN_BrainLipidEx_LC-TG_R-2_Op-TGL_Proj-solventmatrix_TG_18-0_Splash.dam,8.43,6.25,224280,5.37,"[21.110910634664567, 21.240655757920646, 21.73985910388604, 20.241942832440284, 20.830466073468084, 21.3479602488003, 16.96092379174643, 10.367911484030392, 10.682739606022396, 14.3457347956644, 14.635502153627405, 13.233096645251466, 12.52703852966624, 12.503350054823034, 11.684719588116032, 10.437490453107797, 6.397372334011138, 6.246185622946001, 6.423752266777928, 10.877795045597537, 11.178689202197852, 11.676501386824691, 11.75907859653907, 11.576187052406418, 12.571682680052493, 14.95100617535069, 14.354745948935479, 14.090286416158412, 14.090286416158412, 13.677515536200538, 14.556564679104014, 14.79738511322419, 18.56443699084684, 17.92109055879291, 20.238720954116918, 20.24137588743235, 19.96616525713066, 23.305244005022757, 23.533389643890565, 21.231866691834174, 18.74464086649813, 13.963935683274192, 19.391732893445422, 20.241375887432355, 15.49404933946453, 14.614384931073229, 15.305116445648448, 13.79839428706034, 16.384377431728478, 21.81792767230334, 21.191687854294887, 20.921783602311883, 18.838154424550666, 19.72421717723885]"
pass,20250916_21MeOHACN_BrainLipidEx_LC-PE_R-2_Op-TGL_Proj-solventmatrix_PE_withSPLASH.dam,1.49,1.36,5115440,4.52,"[13.992768728373056, 10.433329611487077, 2.740678785984281, 1.4631315963507052, 2.600482908691971, 2.5327341749703645, 2.5384623226279968, 2.6580122045303423, 3.2109702907816486, 3.2144906935160513, 3.7072176530686103, 2.4344551953955533, 2.3771287061065975, 2.037306350844948, 1.980986433032007, 2.0982659917842494, 2.4377927098744046, 2.6372099893206666, 2.6631289394979714, 3.4256384487914544, 3.823249084365953, 3.8396638166523713, 3.702753769955891, 2.924612435087404, 3.4609408519739273, 3.584837075956657, 2.6742751090761288, 1.551398143455037, 3.1269875550992166, 3.1269875550992166, 3.0729850840380686, 2.842812925118449, 2.663409465941533, 2.6622785928115937, 2.711352736112574, 1.3635157158450788, 1.4642980404484072, 1.5414919476684306, 1.5657894756005208, 1.6692078043787948, 1.7145517424266052, 2.0266568708779094, 2.1822532134308292, 2.4130097128353394, 2.455126593550447, 2.4495003348020754, 2.336899009419426, 1.8328536275556848, 3.232266213163393, 2.9487665748478515, 2.379873587529575, 35.77226308716539]"
pass,20250916_21MeOHIPA_BrainLipidEx_LC-PC_R-3_Op-TGL_Proj-solventmatrix_PC_withSPLASH.dam,0.45,0.4,106739160,5.49,"[3.542845704701694, 2.4567158400511535, 1.6442679796180864, 1.462982014086169, 1.3907000782628942, 1.244042467735026, 1.1238772888872472, 1.023146626039761, 0.9151731317713414, 0.6245699011231818, 0.7390878710625708, 0.8662777172096361, 1.3997514837870277, 1.3223646402878688, 1.4457436243246315, 1.0763542054783395, 0.8344486889262464, 0.7610298008029555, 0.7534182151862395, 0.7708603971275523, 0.6865833919174421, 0.7332034785755105, 0.6451984552794248, 0.4802549593880252, 0.615271457082701, 0.5892901235989695, 0.6589574293766823, 0.6590735779320319, 0.6586565299347114, 0.749589998089982, 0.39723260347069866, 0.524725361700132, 0.4774872780620076, 0.4768571709645064, 0.782603565063239, 0.7689715785740241, 0.7451234282400566, 0.7357826346796391, 0.7417084358179014, 0.9420990482623774, 1.0480181485697393, 0.6295129942172234, 0.643395732246305, 0.5902546105617741, 0.45944802956654535, 0.5693816442874313, 0.4987347619508439, 0.45449659719213653, 0.46565162360694085, 0.451318903476006, 0.47356237124596795, 0.47499819715755776, 1.6988646609275067]"
pass,20250916_21MeOHACN_BrainLipidEx_LC-PC_R-1_Op-TGL_Proj-solventmatrix_PC_withSPLASH.dam,2.56,1.36,135798840,5.49,"[7.5777430640326005, 7.50342385417877, 8.639658064524063, 8.565114202503512, 8.541828802262254, 7.6630222818527605, 7.436570601892564, 5.244416571434632, 5.298128889079963, 3.299220623756439, 3.514569500746497, 2.797788600133912, 3.238081919247716, 2.934144485951466, 3.2164302848918442, 5.097266092538947, 5.117663678591635, 5.2588585585674466, 5.590995286566008, 5.681221528295139, 6.22631910960572, 5.378239497829466, 6.612826664676653, 6.261145014498312, 5.490064092667493, 5.314362152580348, 3.7357900456235624, 3.665867714001153, 3.6719716916101293, 3.0467364783926048, 3.177687769116819, 2.7329854524687387, 2.863975278635198, 1.3619002404111011, 2.6406472041080717, 3.3617655693755903, 3.3650484519053343, 3.6282981513107613, 4.7525805700006964, 5.260305451767282, 5.338352454018408, 5.2581436847573695, 4.880345170916074, 5.107210348219165, 5.158179948748997, 4.857815973431587, 4.826289282419801, 5.158949446477587, 5.85298199540197, 5.102771180532396, 5.0572626776532115, 5.484331693059156]"
pass,20250916_21MeOHIPA_BrainLipidEx_LC-Cer_R-3_Op-TGL_Proj-solventmatrix_Cer_Splash.dam,3.58,3.07,1142120,3.57,"[7.053004690041084, 7.715458659793536, 7.705806251275728, 8.10304119099936, 8.042601180582954, 5.413583860922399, 5.292560285680338, 5.159838658835275, 4.5921045880584614, 5.128694252928053, 5.614433736606705, 5.627359362364532, 5.8254740987174065, 6.343529721912991, 7.005155143879811, 7.955702559791623, 7.474696803195134, 6.090097047236598, 9.357383627725872, 9.057048563450639, 9.852703307768461, 8.64856678543164, 8.676454172324107, 8.971168382204857, 8.87555823217004, 4.294175453771722, 4.559336680982891, 3.1709267744918614, 4.53070136322239, 4.822025801843481, 4.683735190108237, 5.560642915785233, 5.990201567915589, 5.983924399141495, 5.627364738126615, 5.13214599423916, 5.352252645018919, 5.490296513113179, 4.632119186394196, 4.855663167532829, 4.596544036704823, 4.568501062501707, 4.371869698264608, 3.068979345216673, 3.667005117635316, 3.96067261764997, 3.743446831177878, 3.8506993005185066, 5.028938761539751, 4.983022046124325, 6.540606871889105, 6.8085756680518, 7.229843192193308, 7.03799806938082]"
pass,20250916_12CHCl3MeOH_BrainLipidEx_LC-PC_R-3_Op-TGL_Proj-solventmatrix_PC_withSPLASH.dam,4.13,3.28,842120,5.49,"[6.667987714270374, 6.604892909536803, 5.707588368321908, 5.904091159179518, 5.640590609372945, 5.289077051643708, 5.300339602592423, 5.317878843199279, 6.986413810616053, 11.773779856440616, 10.490147258990428, 11.864255464456095, 15.961725913649127, 18.277120988795335, 19.812098016269935, 19.57124667948169, 10.989722834515634, 6.403244697846243, 3.50058575719284, 4.038847770465759, 5.70691588240872, 6.701046681382252, 6.721283892953054, 9.016947974222097, 9.669267966502861, 9.09747383213419, 8.5395364984848, 13.218279801548928, 15.155889875796946, 16.00842088322598, 14.873094682045679, 11.140461355526957, 6.276486402136117, 5.486539763775055, 5.255604735655621, 5.275691863236124, 5.172540857806034, 4.257627674473408, 4.503270959615896, 3.282856905888899, 7.703433396259518, 7.341282802249062]"
pass,20250916_12CHCl3MeOH_BrainLipidEx_LC-PC_R-1_Op-TGL_Proj-solventmatrix_PC_withSPLASH.dam,20.38,15.38,160480,5.49,"[40.7922668946982, 35.62278204731981, 35.49686685425939, 40.99052673372413, 43.68852093291594, 41.53834836632634, 15.381399987151308, 21.4847946992097, 24.35106376411173, 24.53721526652784, 28.38031081441672, 28.365738264060543, 17.376167103746777, 20.351933162035312, 23.309760391689736, 51.01960403450779, 46.49852578252999]"
pass,20250916_532MeOHIPAACN_BrainLipidEx_LC-TG_R-1_Op-TGL_Proj-solventmatrix_TG_18-0_Splash.dam,5.81,3.23,307080,5.37,"[16.23000695690948, 17.11037634452364, 17.0303069208257, 16.703603926741796, 15.127779016612894, 15.410689470372269, 10.900187116181165, 11.443718587619635, 10.84335957359835, 6.972971012910653, 4.601006383023914, 8.98210159063401, 9.32149150153991, 12.440100633471115, 14.310803118682857, 14.436117389452354, 14.537585641157817, 14.09182474478497, 13.390979563871364, 13.132210927318338, 15.96336535368755, 15.032918310685965, 16.397759958857456, 17.10840781904691, 17.126804549660793, 14.642585850555632, 13.418611101430244, 11.36657840105935, 12.154599585791974, 11.929612991452561, 9.555846057691408, 6.051703619310402, 5.774890164025527, 3.2298194235369544, 9.655621183946678, 9.960019699711392, 10.618613632323447, 10.931091415946698, 11.691262166698358, 11.691262166698358, 11.70922240593185, 13.585569798619856, 13.1181198504839, 17.09213771424033, 16.995033115645583, 20.388960751357942, 21.785149687088527, 21.748602269577514, 17.393934384417314, 17.02017079796115, 14.894745280849747, 11.502502330822384, 8.257989806729634, 10.505646106138451]"
pass,20250916_532MeOHIPAACN_BrainLipidEx_LC-Cer_R-2_Op-TGL_Proj-solventmatrix_Cer_Splash.dam,2.65,2.1,656480,3.57,"[6.106205175485109, 6.298710429062468, 8.350512109499938, 8.684760056201268, 8.653620150601837, 9.80955797319588, 9.180299636715095, 8.411519843711767, 6.503534375929348, 6.50353437592935, 6.762234536783959, 6.233598970030123, 5.3285397442103015, 6.8914084669240205, 6.13480280479143, 8.175714317586937, 8.27787885009473, 7.700819510208433, 8.408581284304919, 9.158067290909004, 14.260136315526461, 14.391363696013398, 13.922600564151267, 13.685339714124463, 13.65503071436919, 11.800884638624193, 11.825372431974532, 6.084027589986451, 5.995158113509192, 8.101535079883549, 8.497167767129246, 8.431715079113857, 7.058526908510816, 6.7785604569791085, 6.486036046118319, 7.244374929970135, 5.680915185563187, 2.4845028074056286, 2.616070398920883, 2.549748113956868, 2.1047440716190313, 2.173618304165036, 3.972675932202717, 4.165190551370085, 4.43518655279319, 4.514360444242562, 4.37721117428759, 8.720886398965506, 8.99732964499694, 8.068351043085354, 8.275004078968214, 7.958080945934225, 7.937721318250141, 7.988712192284798]"
pass,20250916_21MeOHACN_BrainLipidEx_LC-Cer_R-1_Op-TGL_Proj-solventmatrix_Cer_Splash.dam,4.04,2.26,559560,3.57,"[10.708537953243052, 10.528064314173358, 10.569267039822712, 9.419787384341388, 12.353389742342635, 11.818753457130486, 12.371534637644345, 12.306762555188982, 11.69696226765867, 11.707928929529874, 9.225097995564486, 9.20442570121995, 3.116667842534608, 2.7134413683201, 2.259907022880834, 4.6067978427888745, 10.896130161638032, 11.067089607404537, 11.17981091896853, 11.984056944133567, 11.693634378276565, 11.205128005627015, 7.959233985741198, 5.715910892597339, 5.806327662821383, 7.929941166475005, 7.399182235455546, 7.466277496204375, 8.495341939967755, 8.445228881399478, 8.41133440980074, 8.356017329149278, 7.950143665252843, 8.226291766503024, 8.648355170043459, 6.644110240674264, 6.080046866373132, 6.958567694765508, 8.167218644702096, 8.102925404460132, 9.122343508387466, 9.2175009033712, 7.979205443239409, 9.584908690944603, 8.978016018920849, 9.362339100807949, 10.90431974082329, 11.71049904026964, 11.444477570298206, 11.231307374724967, 11.431990432182017, 11.617358995428805, 10.524651753569774, 8.769971357541943]"
pass,20250916_21MeOHACN_BrainLipidEx_LC-TG_R-1_Op-TGL_Proj-solventmatrix_TG_18-0_Splash.dam,4.33,3.75,501240,5.37,"[4.288404680416735, 7.4016947359538925, 7.939336420537918, 8.32533665256715, 8.303421260119944, 8.174583530353347, 10.373895009904674, 10.343631301656146, 10.343631301656146, 10.493568027989664, 9.648975895629448, 15.544774041458433, 15.56525534075508, 13.623548344871644, 13.533667382266906, 12.529218077356393, 13.246731575174534, 12.908171095345319, 7.019876819606904, 6.575140693245723, 8.580484694248538, 8.710691779241401, 8.531635073742802, 7.331273424480438, 9.315774663096363, 9.260253353174713, 9.345794392523365, 8.328252223098243, 8.27853795055905, 8.051514696328683, 7.591451363068029, 5.443607638276833, 5.047041923717048, 6.11704345031323, 4.170084340105056, 3.7488214021433897, 4.193816688799834, 5.077234145039348, 5.166802321944748, 5.104672124676317, 4.527520952817627, 6.833014617092256, 8.890414075304056, 9.999873739765025, 9.816686063016293, 9.67565360677825, 10.342237409702134, 10.672302510838168, 6.733757501825559, 7.887179770068675, 6.642902241396922, 6.871755945315249, 9.426435883979956, 9.105148828009062]"
pass,20250916_21MeOHIPA_BrainLipidEx_LC-Cer_R-1_Op-TGL_Proj-solventmatrix_Cer_Splash.dam,5.79,5.68,960200,3.57,"[5.757442848014051, 6.578334453375083, 6.68208084559645, 6.7699681079152985, 6.997411207935148, 7.173011526564116, 7.466412482759037, 7.390446203786828, 7.994295170213002, 7.957305820195584, 9.975335375719899, 17.284444619352605, 24.812132564758297, 24.94968604244495, 23.225001659531628, 16.998829642358135, 11.571639148016105, 9.213555315381083, 9.799682953015727, 10.78945782618623, 10.98942735978423, 9.524979934425074, 5.675502460747482, 5.682643456967221, 6.111289527800135, 5.807008900479962, 7.7488803789198775, 7.7612323755463715, 7.833651609721887, 7.121564685823007, 8.239019800969537, 9.214125684425188, 9.395274540617898, 6.71409606962638, 6.894154326134497, 9.969922507294067, 9.482270126600318, 10.151159694721512, 10.980345681632606, 9.622158901029465, 9.371603620552065, 9.031179916438925, 16.925092884403192, 18.342696449817684, 16.645217254360944, 13.362908670499941, 12.891989984481361, 12.456071854107156, 6.441222555391311, 6.50434201006517, 7.0996155878184215, 7.298524175719326, 6.065819236594263, 5.779861636632891]"
pass,20250916_21MeOHACN_BrainLipidEx_LC-Cer_R-2_Op-TGL_Proj-solventmatrix_Cer_Splash.dam,3.21,1.81,457440,3.57,"[15.893890057617618, 9.597309997535318, 11.530472140955384, 11.27196055378367, 7.271177690237082, 6.890012940124887, 7.408449321408571, 7.459110243957225, 8.385193747205035, 7.258225115328584, 6.696311036437244, 7.403754283132924, 8.305876894327167, 7.987325326540461, 6.238759423204665, 6.197035759032757, 7.202249892725934, 7.215614232856164, 6.799176561903304, 5.881462115667566, 4.868491619697446, 4.121873727884466, 4.322227935701217, 3.1070359003286847, 3.1070359003286847, 3.196398367640497, 1.8127729162991344, 5.733835712431732, 5.702152166745566, 6.012812443449195, 5.7480703180402415, 5.2945377692846085, 5.2437028574680085, 7.052795281656328, 7.285123977306054, 9.671347117822657, 10.296027120383574, 10.770723788386613, 10.876351946283727, 9.944622986176743, 9.11480812081072, 7.845605357414956, 6.39837322645358, 3.8866004395561795, 7.0708965204014405, 6.994205668770187, 7.285634565688998, 6.955531400711649, 11.988410644295948, 12.063429896686298, 12.235475499386466, 10.344814553331954, 12.657278582035605, 12.456288524431685]"
pass,20250916_21MeOHIPA_BrainLipidEx_LC-TG_R-1_Op-TGL_Proj-solventmatrix_TG_18-0_Splash.dam,8.15,7.22,144120,5.37,"[37.6026173838342, 14.186183768125494, 8.487555645117574, 8.568681038413606, 8.746837576027287, 7.64411728970506, 11.079500489131467, 12.719339745308279, 13.411751899890353, 13.696400268358063, 13.507266898578003, 18.316335219506403, 18.00448807109587, 17.90990440133178, 10.405713195278665, 10.961933694744769, 12.531042941364648, 11.960488487870977, 9.0791912809501, 7.220631112592142, 8.422252864795347, 13.400626773406756, 14.038792842133132, 13.909829282790598, 14.095621043007936, 17.190551075992193, 16.237686129647155, 16.372087356571594, 11.921084001642217, 12.919723475313374, 9.294877480140748, 9.53804099611044, 8.531575728884889, 8.746606828717802, 12.449155213446957, 17.462801872061544, 16.50475934424587, 15.652208341432136, 18.07648854641981, 16.922009553755547, 17.92670024128378, 19.59786815856962, 22.698369657149552, 22.38323540555073, 22.533856747296145, 19.919823777497314, 20.356633900190307, 18.549995164367218, 12.7553748858027, 9.557634625242253]"
pass,20250916_532MeOHIPAACN_BrainLipidEx_LC-PC_R-3_Op-TGL_Proj-solventmatrix_PC_withSPLASH.dam,2.29,1.95,40760120,5.49,"[5.993088941665364, 5.181051801751851, 4.471609465376391, 5.141596838288094, 4.731529066871973, 4.8140204781146005, 6.206604028778505, 6.245967917148808, 5.396240768998714, 5.589757699362825, 6.471772278336784, 6.170446034481179, 7.07747988296785, 6.721982135581496, 5.971080272989381, 5.0611210160478395, 5.105317277952802, 3.7690322254170003, 3.8651779789080076, 2.697028743548509, 3.5889433006150897, 3.4765917878271173, 6.125349799762015, 6.75998995639377, 6.659533796184375, 6.662890020600947, 7.054469483550818, 4.016215277220994, 2.960155711123417, 2.7417351240088115, 3.064820744461275, 3.428803715208089, 3.0637255596163744, 3.0745795584370423, 3.092893321438621, 3.629626227393549, 3.824698340733161, 3.624412058539364, 3.2077340005049257, 3.117690284833561, 3.1881720297937712, 3.1824065908179877, 2.1066986989671364, 2.2253628870444673, 3.0879307991016343, 3.6336526250536, 3.443001526056662, 3.4447194648479775, 3.2505395982415988, 3.225624421261824, 2.0378406134254803, 1.954500938476888]"
pass,20250916_532MeOHIPAACN_BrainLipidEx_LC-PE_R-1_Op-TGL_Proj-solventmatrix_PE_withSPLASH.dam,3.32,2.97,1341760,4.52,"[10.318786754684705, 9.25793963607348, 4.957964827467514, 4.254394626228586, 6.944213076494268, 6.981394768357696, 6.67922300810595, 6.606995481981088, 6.013144694586612, 5.006977863482945, 4.72902639233698, 9.397203948362144, 8.979253046037588, 9.172430193693884, 7.887309188646265, 7.380141122034539, 7.7338814146213295, 7.866546399193432, 5.0587467287833014, 4.717596445763425, 4.642037488272914, 6.833194653020293, 6.646344623431939, 6.530308655051916, 6.554335716661955, 6.35351083800941, 5.902464064424667, 6.167437444682566, 6.567034051344447, 6.076538289943142, 8.200728859840286, 8.704178622728092, 8.08549626870568, 5.185702785578127, 4.977808517236445, 4.988205580954611, 4.724658456334076, 4.312063544026622, 3.391995599774089, 2.9709225732940587, 3.2780620895330475, 3.409046854479228, 3.342651095424641, 3.5004825010720033, 3.9358538652107193, 4.069343124080929, 6.331039951822047, 6.625639163541755, 6.287806842111794, 6.581140552661699, 12.621619506304235]"
pass,20250916_21MeOHACN_BrainLipidEx_LC-PE_R-3_Op-TGL_Proj-solventmatrix_PE_withSPLASH.dam,1.65,1.51,4962160,4.52,"[2.7239303903752754, 2.6022062181701, 2.847610875545026, 3.2933121123666345, 3.353918194944928, 4.621064985104195, 4.621958310543269, 4.554536297997925, 4.549807664865787, 3.1361280342787885, 3.6608037312476367, 4.421737295161788, 3.045744942696759, 2.9414526590291477, 2.477520038344644, 2.4392558206917094, 1.903788082888392, 2.924972285763521, 3.002510890750945, 3.0056318225265497, 3.0543548714923894, 3.3037532181223286, 2.9921866536249864, 1.8454173855441864, 1.8192614129636027, 2.462367735399501, 2.472254827316627, 2.543382999913445, 2.5301108455043164, 2.3197811466700755, 1.512523726329767, 1.5583714403103597, 1.930356539246755, 1.725097866759951, 1.6911279329215938, 1.6997920935549755, 1.7148983043844337, 1.7353584269911893, 2.223276269723818, 2.181123496182241, 2.094285658519556, 2.019037767013122, 2.5298924262748392, 2.5303693350522187, 3.1974494806437215, 2.7528961015527256, 2.7208551219929618, 2.7391659194726103, 3.0113738783339214, 3.071702900951205, 2.3494341758010098]"
pass,20250916_12CHCl3MeOH_BrainLipidEx_LC-TG_R-1_Op-TGL_Proj-solventmatrix_TG_18-0_Splash.dam,11.41,6.36,39440,5.37,"[48.280133413587414, 47.16990566028302, 41.28381689293052, 42.48491142534413, 39.37822211051513, 28.062430400804562, 29.254330612277453, 18.976585660336788, 21.649032908069806, 20.233613108525518, 27.94574645666281, 26.33423334284141, 24.252660733355295, 25.230419617479093, 27.973564756806596, 32.77773886785445, 30.69914716305887, 25.604044945786363, 27.220536631776167, 24.81025959020978, 22.516281172095624, 20.01944047499438, 13.515510545487366, 16.597653257732308, 16.597653257732308, 14.160537889972021, 14.420107784153913, 15.427140460157299, 14.667000580554873, 14.791905264739055, 6.364286692122258, 8.746731857671906, 12.54186833555511, 13.14507726970398, 16.30658721196368, 15.619163287781737, 16.617283842071437, 22.20900650757002]"
pass,20250916_21MeOHIPA_BrainLipidEx_LC-PS_R-1_Op-TGL_Proj-solventmatrix_PS_Splash.dam,2.07,1.56,3560280,4.13,"[3.423382334663923, 2.064355282488959, 3.652913731679402, 3.7303558232011333, 4.02161652968937, 3.819246446991029, 3.863551717372174, 3.0002096398580957, 2.848095692067077, 2.5163794774598918, 2.8266298003126407, 2.1596593581022874, 2.1463033313284328, 2.915349554171627, 2.932722839657861, 3.7680878337891355, 3.6630244374508307, 2.3206304193927147, 2.3631974662476023, 2.313141165388613, 2.199897197130127, 2.796030721020455, 2.5108908262554404, 3.2320194824411215, 3.1649635314379156, 4.873481835041068, 3.954388453421725, 3.6083349729079117, 4.089561268719173, 3.359632256402121, 3.494162524726078, 3.037169662526474, 2.9660104699720065, 3.5462434874573643, 3.9124120181038653, 4.145489869502614, 4.0931535435560695, 3.971580749059305, 4.516927369115993, 1.5644763867321079, 2.275952952206064, 3.841020999724696, 3.626138150564883, 4.954290680384435, 7.638781709549932, 27.056410539194392, 30.82082544079362, 43.74745487876511, 43.600005279716534, 42.90885729927147, 43.97850962172555, 54.452809649365264, 44.75211760854155, 41.07465508100789]"
pass,20250916_532MeOHIPAACN_BrainLipidEx_LC-PS_R-3_Op-TGL_Proj-solventmatrix_PS_Splash.dam,6.09,5.41,1135880,4.13,"[8.121266066174565, 7.066810234415638, 7.813487556696365, 6.7408059153626505, 6.93257013734469, 8.294137241485142, 6.067127528013521, 6.037896669221979, 5.414672950172723, 6.693179656511901, 6.748615090078782, 7.9473522118399185, 8.827795600912218, 9.57319513667438, 10.120965046168683, 12.40031322731738, 12.116245738613907, 12.363722360344811, 12.802016014708856, 8.639014240454927, 10.82524194854875, 13.184796828226187, 12.861726475769848, 12.197343127145398, 12.083750362055808, 10.02793994652586, 13.042421881733626, 11.306115971223567, 7.086332565631201, 6.910077794243976, 7.3436714487204, 7.4567180884381665, 7.053694094632286, 6.405992461818682, 6.37022057270606, 6.295393923685682, 6.351035018040014, 7.204708172701026, 8.871167684740183, 8.828253435219757, 7.8650370989028255, 7.797012037021873, 8.277286645857341, 8.39645530450303, 8.199026661788052, 6.426314509732162, 6.73535299623666, 8.01855838144876, 8.947732086857002, 6.740104122198984, 6.602911513319673, 8.01791587495763, 9.055550463067439, 11.363198645955794]"
pass,20250916_12CHCl3MeOH_BrainLipidEx_LC-PC_R-2_Op-TGL_Proj-solventmatrix_PC_withSPLASH.dam,4.71,3.72,956120,5.49,"[42.43423047686965, 37.09812591300442, 29.57134445344763, 19.277477412775387, 18.671857859463433, 18.933349058263587, 11.2919963055648, 8.96644058597928, 6.893699481134051, 5.968471519442365, 6.169480990038769, 5.431684166965181, 7.39465606472879, 10.280634262794441, 10.425402982589217, 10.43861087425357, 8.60089160145505, 8.981319603046956, 10.98940463673524, 11.923509578071286, 10.134062283202342, 9.751159057044656, 5.317228552750732, 4.287924130750108, 4.339626429194263, 3.7192434526274, 9.412635647086393, 17.84490387045572, 23.253235064036172, 27.200077638107683, 27.894283677002228, 27.325978514400656, 12.657847487533155, 6.6517911735037005, 6.675810289235641, 6.696677142496879, 6.594376737544051, 6.594155574363906, 7.196263168540713, 7.215634163868996, 8.253108176541279, 8.304147118477374, 8.654699161023458, 8.552218121105575, 8.441176288788558, 8.318027044103081, 6.641171304901958, 5.188824315162231]"
